Kod,Date,Value
201000,2011,"0,9"
202000,2011,"7,6"
203000,2011,"1,2"
204000,2011,"0,0"
205000,2011,"0,0"
208000,2011,"0,6"
209000,2011,"1,1"
211000,2011,"1,7"
212000,2011,"1,6"
213000,2011,"1,3"
214000,2011,"1,0"
215000,2011,"0,0"
216000,2011,"1,0"
217000,2011,"0,4"
218000,2011,"0,1"
219000,2011,"0,9"
220000,2011,"0,3"
221000,2011,"0,2"
222000,2011,"2,4"
223000,2011,"0,4"
224000,2011,"0,3"
225000,2011,"1,4"
226000,2011,"6,6"
261000,2011,"4,2"
262000,2011,"2,7"
264000,2011,"3,1"
265000,2011,
401000,2011,"1,0"
402000,2011,"0,5"
403000,2011,"5,4"
404000,2011,"1,3"
405000,2011,"2,9"
406000,2011,"1,1"
407000,2011,"2,1"
408000,2011,"0,0"
409000,2011,"1,7"
410000,2011,"0,1"
411000,2011,"0,0"
412000,2011,"0,0"
413000,2011,"2,9"
414000,2011,"1,1"
415000,2011,"8,4"
416000,2011,"1,5"
417000,2011,"0,3"
418000,2011,"0,4"
419000,2011,"0,8"
461000,2011,"1,8"
462000,2011,"3,2"
463000,2011,"3,0"
464000,2011,"3,2"
601000,2011,"2,7"
602000,2011,"0,6"
603000,2011,"0,4"
604000,2011,"0,2"
605000,2011,"0,3"
606000,2011,"0,1"
607000,2011,"0,8"
608000,2011,"0,4"
609000,2011,"0,1"
610000,2011,"1,2"
611000,2011,"1,1"
612000,2011,"0,1"
613000,2011,"0,0"
614000,2011,"1,9"
615000,2011,"0,8"
616000,2011,"1,7"
617000,2011,"0,6"
618000,2011,"3,4"
619000,2011,"1,9"
620000,2011,"0,0"
661000,2011,"0,6"
662000,2011,"0,9"
663000,2011,"1,7"
664000,2011,"4,2"
801000,2011,"7,7"
802000,2011,"5,1"
803000,2011,"0,4"
804000,2011,"0,2"
805000,2011,"4,3"
806000,2011,"3,1"
807000,2011,"6,5"
808000,2011,"0,9"
809000,2011,"2,4"
810000,2011,"0,8"
811000,2011,"2,1"
812000,2011,"0,5"
861000,2011,"1,5"
862000,2011,"3,2"
1001000,2011,"7,8"
1002000,2011,"1,6"
1003000,2011,"1,8"
1004000,2011,"0,0"
1005000,2011,"0,0"
1006000,2011,"0,9"
1007000,2011,"0,9"
1008000,2011,"0,3"
1009000,2011,"2,5"
1010000,2011,"0,0"
1011000,2011,"0,6"
1012000,2011,"0,3"
1013000,2011,"0,0"
1014000,2011,"0,1"
1015000,2011,"0,7"
1016000,2011,"0,0"
1017000,2011,"0,0"
1018000,2011,"0,2"
1019000,2011,"4,3"
1020000,2011,"0,4"
1021000,2011,"0,0"
1061000,2011,"1,0"
1062000,2011,"1,3"
1063000,2011,"2,9"
1201000,2011,"0,2"
1202000,2011,"0,0"
1203000,2011,"0,2"
1204000,2011,"0,0"
1205000,2011,"0,0"
1206000,2011,"0,0"
1208000,2011,"0,0"
1209000,2011,"0,1"
1210000,2011,"0,1"
1211000,2011,"0,4"
1212000,2011,"0,0"
1213000,2011,"0,3"
1214000,2011,"0,0"
1215000,2011,"0,2"
1216000,2011,"0,1"
1217000,2011,"0,2"
1218000,2011,"0,0"
1219000,2011,"0,4"
1261000,2011,"1,4"
1262000,2011,"0,8"
1263000,2011,"4,5"
1401000,2011,"1,4"
1402000,2011,"0,8"
1403000,2011,"0,6"
1404000,2011,"2,4"
1405000,2011,"0,7"
1406000,2011,"0,3"
1407000,2011,"0,8"
1408000,2011,"1,4"
1409000,2011,"0,0"
1410000,2011,"0,0"
1411000,2011,"0,0"
1412000,2011,"0,6"
1413000,2011,"1,9"
1414000,2011,"3,4"
1415000,2011,"3,2"
1416000,2011,"6,5"
1417000,2011,"1,3"
1418000,2011,"1,1"
1419000,2011,"1,4"
1420000,2011,"1,3"
1421000,2011,"0,8"
1422000,2011,"1,3"
1423000,2011,"0,4"
1424000,2011,"0,0"
1425000,2011,"1,0"
1426000,2011,"0,7"
1427000,2011,"0,1"
1428000,2011,"0,8"
1429000,2011,"0,7"
1430000,2011,"0,0"
1432000,2011,"1,9"
1433000,2011,"1,4"
1434000,2011,"1,2"
1435000,2011,"2,7"
1436000,2011,"0,4"
1437000,2011,"0,9"
1438000,2011,"0,9"
1461000,2011,"3,0"
1462000,2011,"1,0"
1463000,2011,"1,1"
1464000,2011,"3,3"
1465000,2011,"1,7"
1601000,2011,"0,0"
1602000,2011,"0,0"
1603000,2011,"1,8"
1604000,2011,"0,1"
1605000,2011,"7,6"
1606000,2011,"0,7"
1607000,2011,"3,2"
1608000,2011,"0,6"
1609000,2011,"2,9"
1610000,2011,"0,6"
1611000,2011,"7,8"
1661000,2011,"2,3"
1802000,2011,"0,0"
1803000,2011,"0,7"
1804000,2011,"0,0"
1805000,2011,"0,0"
1806000,2011,"0,0"
1808000,2011,"0,2"
1809000,2011,"0,0"
1810000,2011,"0,0"
1811000,2011,"1,7"
1812000,2011,"0,0"
1813000,2011,"0,2"
1815000,2011,"0,1"
1816000,2011,"0,3"
1818000,2011,"2,1"
1819000,2011,"0,0"
1820000,2011,"0,0"
1821000,2011,"9,3"
1861000,2011,"2,9"
1862000,2011,"1,1"
1863000,2011,"3,7"
1864000,2011,"2,1"
2001000,2011,"3,0"
2002000,2011,"1,4"
2003000,2011,"1,5"
2004000,2011,"0,9"
2005000,2011,"1,0"
2006000,2011,"0,5"
2007000,2011,"0,0"
2009000,2011,"0,0"
2010000,2011,"0,3"
2011000,2011,"0,0"
2012000,2011,"0,2"
2013000,2011,"0,0"
2014000,2011,"0,6"
2061000,2011,"2,2"
2062000,2011,"1,9"
2063000,2011,"5,8"
2201000,2011,"3,1"
2202000,2011,"1,9"
2203000,2011,"5,2"
2204000,2011,"2,5"
2205000,2011,"0,0"
2206000,2011,"3,1"
2207000,2011,"3,6"
2208000,2011,"2,4"
2209000,2011,"1,7"
2210000,2011,"0,6"
2211000,2011,"5,1"
2212000,2011,"3,4"
2213000,2011,"1,8"
2214000,2011,"1,1"
2215000,2011,"1,2"
2216000,2011,"2,7"
2261000,2011,"2,0"
2262000,2011,"1,5"
2263000,2011,"2,8"
2264000,2011,"3,6"
2401000,2011,"2,0"
2402000,2011,"0,8"
2403000,2011,"1,6"
2404000,2011,"1,1"
2405000,2011,"0,1"
2406000,2011,"0,3"
2407000,2011,"3,3"
2408000,2011,"0,0"
2409000,2011,"0,2"
2410000,2011,"0,3"
2411000,2011,"0,8"
2412000,2011,"0,2"
2413000,2011,"0,7"
2414000,2011,"2,5"
2415000,2011,"0,8"
2416000,2011,"1,7"
2417000,2011,"0,1"
2461000,2011,"1,0"
2462000,2011,"0,3"
2463000,2011,"1,3"
2464000,2011,"1,5"
2465000,2011,"0,2"
2466000,2011,"5,0"
2467000,2011,"1,6"
2468000,2011,"0,9"
2469000,2011,"1,6"
2470000,2011,"0,1"
2471000,2011,"0,0"
2472000,2011,"0,3"
2473000,2011,"5,0"
2474000,2011,"0,0"
2475000,2011,"0,5"
2476000,2011,"0,0"
2477000,2011,"2,2"
2478000,2011,"0,5"
2479000,2011,"0,2"
2601000,2011,"0,4"
2602000,2011,"0,5"
2603000,2011,"0,0"
2604000,2011,"1,2"
2605000,2011,"0,4"
2606000,2011,"0,0"
2607000,2011,"2,6"
2609000,2011,"0,0"
2610000,2011,"0,4"
2611000,2011,"0,5"
2612000,2011,"1,1"
2613000,2011,"0,1"
2661000,2011,"0,8"
2801000,2011,"0,1"
2802000,2011,"0,0"
2803000,2011,"0,2"
2804000,2011,"0,6"
2805000,2011,"1,1"
2806000,2011,"1,4"
2807000,2011,"2,8"
2808000,2011,"0,5"
2809000,2011,"1,2"
2810000,2011,"1,5"
2811000,2011,"3,5"
2812000,2011,"0,3"
2813000,2011,"0,8"
2814000,2011,"0,7"
2815000,2011,"0,1"
2816000,2011,"7,2"
2817000,2011,"1,3"
2818000,2011,"0,9"
2819000,2011,"0,0"
2861000,2011,"2,8"
2862000,2011,"1,8"
3001000,2011,"1,2"
3002000,2011,"2,4"
3003000,2011,"1,8"
3004000,2011,"2,5"
3005000,2011,"2,9"
3006000,2011,"0,8"
3007000,2011,"0,0"
3008000,2011,"1,6"
3009000,2011,"0,1"
3010000,2011,"1,0"
3011000,2011,"1,0"
3012000,2011,"0,6"
3013000,2011,"5,4"
3014000,2011,"0,5"
3015000,2011,"3,4"
3016000,2011,"1,3"
3017000,2011,"1,7"
3018000,2011,"1,2"
3019000,2011,"3,2"
3020000,2011,"2,8"
3021000,2011,"3,1"
3022000,2011,"0,7"
3023000,2011,"0,7"
3024000,2011,"3,2"
3025000,2011,"1,1"
3026000,2011,"1,7"
3027000,2011,"1,6"
3028000,2011,"1,8"
3029000,2011,"4,2"
3030000,2011,"0,5"
3031000,2011,"2,1"
3061000,2011,"2,3"
3062000,2011,"2,5"
3063000,2011,"4,6"
3064000,2011,"1,9"
3201000,2011,"0,0"
3202000,2011,"0,7"
3203000,2011,"0,1"
3204000,2011,"0,5"
3205000,2011,"0,9"
3206000,2011,"0,2"
3207000,2011,"10,0"
3208000,2011,"2,9"
3209000,2011,"4,9"
3210000,2011,"0,1"
3211000,2011,"1,8"
3212000,2011,"1,4"
3213000,2011,"1,1"
3214000,2011,"4,9"
3215000,2011,"2,4"
3216000,2011,"5,9"
3217000,2011,"0,5"
3218000,2011,"0,0"
3261000,2011,"3,0"
3262000,2011,"2,0"
3263000,2011,"5,1"
201000,2012,"1,3"
202000,2012,"8,8"
203000,2012,"1,3"
204000,2012,"0,0"
205000,2012,"0,0"
208000,2012,"0,4"
209000,2012,"1,1"
211000,2012,"1,8"
212000,2012,"1,6"
213000,2012,"7,3"
214000,2012,"1,1"
215000,2012,"1,6"
216000,2012,"1,0"
217000,2012,"0,4"
218000,2012,"0,1"
219000,2012,"0,9"
220000,2012,"1,5"
221000,2012,"0,3"
222000,2012,"2,5"
223000,2012,"0,4"
224000,2012,"0,3"
225000,2012,"2,0"
226000,2012,"6,6"
261000,2012,"4,8"
262000,2012,"2,8"
264000,2012,"3,2"
265000,2012,
401000,2012,"1,0"
402000,2012,"0,5"
403000,2012,"6,1"
404000,2012,"2,2"
405000,2012,"3,3"
406000,2012,"1,1"
407000,2012,"2,4"
408000,2012,"0,0"
409000,2012,"1,7"
410000,2012,"0,0"
411000,2012,"0,5"
412000,2012,"0,0"
413000,2012,"3,1"
414000,2012,"1,2"
415000,2012,"8,6"
416000,2012,"1,7"
417000,2012,"0,5"
418000,2012,"0,5"
419000,2012,"0,9"
461000,2012,"1,9"
462000,2012,"3,7"
463000,2012,"3,3"
464000,2012,"3,2"
601000,2012,"3,0"
602000,2012,"0,9"
603000,2012,"0,4"
604000,2012,"0,3"
605000,2012,"0,3"
606000,2012,"0,1"
607000,2012,"0,8"
608000,2012,"0,5"
609000,2012,"0,1"
610000,2012,"1,2"
611000,2012,"1,1"
612000,2012,"0,1"
613000,2012,"0,0"
614000,2012,"2,7"
615000,2012,"1,0"
616000,2012,"2,2"
617000,2012,"0,6"
618000,2012,"3,5"
619000,2012,"1,9"
620000,2012,"0,2"
661000,2012,"1,1"
662000,2012,"0,9"
663000,2012,"1,9"
664000,2012,"4,4"
801000,2012,"10,3"
802000,2012,"5,3"
803000,2012,"2,3"
804000,2012,"4,9"
805000,2012,"4,3"
806000,2012,"3,1"
807000,2012,"6,6"
808000,2012,"1,8"
809000,2012,"2,9"
810000,2012,"1,1"
811000,2012,"4,4"
812000,2012,"0,5"
861000,2012,"1,6"
862000,2012,"3,3"
1001000,2012,"8,4"
1002000,2012,"1,7"
1003000,2012,"1,8"
1004000,2012,"0,0"
1005000,2012,"0,3"
1006000,2012,"2,1"
1007000,2012,"1,1"
1008000,2012,"0,9"
1009000,2012,"2,0"
1010000,2012,"0,1"
1011000,2012,"2,5"
1012000,2012,"0,3"
1013000,2012,"0,0"
1014000,2012,"0,5"
1015000,2012,"1,3"
1016000,2012,"0,9"
1017000,2012,"1,1"
1018000,2012,"2,6"
1019000,2012,"4,7"
1020000,2012,"0,4"
1021000,2012,"0,0"
1061000,2012,"1,1"
1062000,2012,"2,6"
1063000,2012,"3,5"
1201000,2012,"0,3"
1202000,2012,"0,0"
1203000,2012,"0,2"
1204000,2012,"0,0"
1205000,2012,"0,0"
1206000,2012,"0,0"
1208000,2012,"0,1"
1209000,2012,"0,1"
1210000,2012,"0,1"
1211000,2012,"0,5"
1212000,2012,"0,0"
1213000,2012,"1,3"
1214000,2012,"0,0"
1215000,2012,"0,2"
1216000,2012,"0,2"
1217000,2012,"0,2"
1218000,2012,"0,1"
1219000,2012,"0,6"
1261000,2012,"1,8"
1262000,2012,"0,8"
1263000,2012,"4,7"
1401000,2012,"1,4"
1402000,2012,"0,8"
1403000,2012,"0,6"
1404000,2012,"2,4"
1405000,2012,"0,7"
1406000,2012,"0,5"
1407000,2012,"0,8"
1408000,2012,"1,5"
1409000,2012,"0,0"
1410000,2012,"0,0"
1411000,2012,"0,4"
1412000,2012,"0,7"
1413000,2012,"1,9"
1414000,2012,"3,7"
1415000,2012,"6,5"
1416000,2012,"6,7"
1417000,2012,"2,1"
1418000,2012,"1,0"
1419000,2012,"1,9"
1420000,2012,"1,3"
1421000,2012,"0,9"
1422000,2012,"2,6"
1423000,2012,"0,4"
1424000,2012,"0,0"
1425000,2012,"1,0"
1426000,2012,"1,6"
1427000,2012,"0,1"
1428000,2012,"1,3"
1429000,2012,"0,7"
1430000,2012,"0,0"
1432000,2012,"2,2"
1433000,2012,"1,4"
1434000,2012,"0,9"
1435000,2012,"2,7"
1436000,2012,"0,4"
1437000,2012,"1,7"
1438000,2012,"0,9"
1461000,2012,"3,0"
1462000,2012,"1,0"
1463000,2012,"1,6"
1464000,2012,"3,5"
1465000,2012,"1,9"
1601000,2012,"0,2"
1602000,2012,"0,0"
1603000,2012,"1,8"
1604000,2012,"0,6"
1605000,2012,"7,8"
1606000,2012,"0,7"
1607000,2012,"4,8"
1608000,2012,"0,4"
1609000,2012,"1,9"
1610000,2012,"2,3"
1611000,2012,"9,9"
1661000,2012,"2,7"
1802000,2012,"0,0"
1803000,2012,"3,1"
1804000,2012,"0,0"
1805000,2012,"0,0"
1806000,2012,"9,3"
1808000,2012,"0,5"
1809000,2012,"1,2"
1810000,2012,"0,0"
1811000,2012,"1,8"
1812000,2012,"0,3"
1813000,2012,"0,2"
1815000,2012,"0,3"
1816000,2012,"0,3"
1818000,2012,"3,1"
1819000,2012,"0,0"
1820000,2012,"0,0"
1821000,2012,"9,3"
1861000,2012,"2,9"
1862000,2012,"1,7"
1863000,2012,"4,5"
1864000,2012,"2,1"
2001000,2012,"3,0"
2002000,2012,"2,1"
2003000,2012,"2,3"
2004000,2012,"0,9"
2005000,2012,"2,5"
2006000,2012,"0,6"
2007000,2012,"0,0"
2009000,2012,"0,0"
2010000,2012,"0,6"
2011000,2012,"0,0"
2012000,2012,"0,2"
2013000,2012,"0,0"
2014000,2012,"0,6"
2061000,2012,"2,5"
2062000,2012,"3,1"
2063000,2012,"6,4"
2201000,2012,"3,1"
2202000,2012,"3,0"
2203000,2012,"5,9"
2204000,2012,"2,8"
2205000,2012,"0,0"
2206000,2012,"3,3"
2207000,2012,"3,9"
2208000,2012,"2,8"
2209000,2012,"4,6"
2210000,2012,"0,8"
2211000,2012,"7,6"
2212000,2012,"3,4"
2213000,2012,"2,1"
2214000,2012,"1,2"
2215000,2012,"1,5"
2216000,2012,"2,7"
2261000,2012,"2,7"
2262000,2012,"1,5"
2263000,2012,"3,0"
2264000,2012,"4,2"
2401000,2012,"2,5"
2402000,2012,"0,8"
2403000,2012,"1,7"
2404000,2012,"1,2"
2405000,2012,"1,0"
2406000,2012,"0,4"
2407000,2012,"3,8"
2408000,2012,"0,0"
2409000,2012,"0,3"
2410000,2012,"0,3"
2411000,2012,"0,8"
2412000,2012,"0,2"
2413000,2012,"0,8"
2414000,2012,"2,9"
2415000,2012,"0,8"
2416000,2012,"1,7"
2417000,2012,"0,1"
2461000,2012,"1,0"
2462000,2012,"1,7"
2463000,2012,"1,3"
2464000,2012,"1,5"
2465000,2012,"0,4"
2466000,2012,"5,0"
2467000,2012,"1,8"
2468000,2012,"0,9"
2469000,2012,"1,8"
2470000,2012,"0,1"
2471000,2012,"0,5"
2472000,2012,"0,3"
2473000,2012,"4,6"
2474000,2012,"0,2"
2475000,2012,"0,5"
2476000,2012,"0,9"
2477000,2012,"2,2"
2478000,2012,"0,6"
2479000,2012,"0,2"
2601000,2012,"0,4"
2602000,2012,"0,5"
2603000,2012,"0,0"
2604000,2012,"1,1"
2605000,2012,"0,4"
2606000,2012,"0,0"
2607000,2012,"2,8"
2609000,2012,"0,1"
2610000,2012,"0,4"
2611000,2012,"0,5"
2612000,2012,"1,5"
2613000,2012,"0,1"
2661000,2012,"0,9"
2801000,2012,"0,6"
2802000,2012,"0,4"
2803000,2012,"0,2"
2804000,2012,"0,6"
2805000,2012,"1,2"
2806000,2012,"1,4"
2807000,2012,"2,8"
2808000,2012,"0,5"
2809000,2012,"2,9"
2810000,2012,"1,5"
2811000,2012,"3,5"
2812000,2012,"0,3"
2813000,2012,"0,8"
2814000,2012,"0,7"
2815000,2012,"0,4"
2816000,2012,"7,4"
2817000,2012,"2,4"
2818000,2012,"0,9"
2819000,2012,"1,5"
2861000,2012,"2,9"
2862000,2012,"2,3"
3001000,2012,"1,6"
3002000,2012,"2,6"
3003000,2012,"1,9"
3004000,2012,"2,6"
3005000,2012,"3,4"
3006000,2012,"1,4"
3007000,2012,"0,0"
3008000,2012,"2,4"
3009000,2012,"0,3"
3010000,2012,"2,2"
3011000,2012,"4,0"
3012000,2012,"0,2"
3013000,2012,"7,1"
3014000,2012,"1,4"
3015000,2012,"4,3"
3016000,2012,"1,6"
3017000,2012,"2,4"
3018000,2012,"1,2"
3019000,2012,"3,3"
3020000,2012,"3,8"
3021000,2012,"3,1"
3022000,2012,"0,8"
3023000,2012,"1,0"
3024000,2012,"2,5"
3025000,2012,"1,2"
3026000,2012,"1,7"
3027000,2012,"1,6"
3028000,2012,"1,8"
3029000,2012,"4,7"
3030000,2012,"1,0"
3031000,2012,"2,3"
3061000,2012,"2,4"
3062000,2012,"3,3"
3063000,2012,"5,1"
3064000,2012,"2,2"
3201000,2012,"0,6"
3202000,2012,"0,7"
3203000,2012,"0,2"
3204000,2012,"0,5"
3205000,2012,"3,9"
3206000,2012,"2,1"
3207000,2012,"7,4"
3208000,2012,"6,7"
3209000,2012,"5,2"
3210000,2012,"1,5"
3211000,2012,"3,2"
3212000,2012,"1,4"
3213000,2012,"1,6"
3214000,2012,"3,5"
3215000,2012,"2,4"
3216000,2012,"6,0"
3217000,2012,"1,7"
3218000,2012,"0,0"
3261000,2012,"3,2"
3262000,2012,"2,1"
3263000,2012,"5,4"
201000,2013,"1,6"
202000,2013,"3,3"
203000,2013,"1,4"
204000,2013,"0,4"
205000,2013,"0,0"
208000,2013,"0,5"
209000,2013,"1,9"
211000,2013,"3,1"
212000,2013,"3,6"
213000,2013,"2,2"
214000,2013,"1,0"
215000,2013,"1,8"
216000,2013,"1,5"
217000,2013,"0,5"
218000,2013,"2,0"
219000,2013,"0,9"
220000,2013,"1,4"
221000,2013,"1,4"
222000,2013,"6,7"
223000,2013,"0,9"
224000,2013,"1,8"
225000,2013,"2,4"
226000,2013,"4,4"
261000,2013,"5,0"
262000,2013,"2,8"
264000,2013,"3,3"
265000,2013,"0,7"
401000,2013,"3,5"
402000,2013,"0,5"
403000,2013,"8,5"
404000,2013,"3,9"
405000,2013,"4,5"
406000,2013,"1,9"
407000,2013,"2,2"
408000,2013,"0,0"
409000,2013,"1,7"
410000,2013,"0,1"
411000,2013,"1,6"
412000,2013,"0,8"
413000,2013,"3,3"
414000,2013,"1,4"
415000,2013,"4,7"
416000,2013,"2,3"
417000,2013,"2,7"
418000,2013,"1,7"
419000,2013,"1,1"
461000,2013,"2,1"
462000,2013,"4,2"
463000,2013,"3,9"
464000,2013,"3,3"
601000,2013,"2,4"
602000,2013,"2,1"
603000,2013,"0,4"
604000,2013,"0,3"
605000,2013,"0,5"
606000,2013,"0,2"
607000,2013,"0,8"
608000,2013,"2,6"
609000,2013,"0,1"
610000,2013,"1,4"
611000,2013,"3,3"
612000,2013,"0,1"
613000,2013,"0,0"
614000,2013,"1,0"
615000,2013,"0,6"
616000,2013,"2,5"
617000,2013,"1,2"
618000,2013,"3,7"
619000,2013,"4,9"
620000,2013,"0,3"
661000,2013,"1,2"
662000,2013,"0,9"
663000,2013,"2,3"
664000,2013,"4,9"
801000,2013,"10,1"
802000,2013,"5,4"
803000,2013,"2,8"
804000,2013,"4,9"
805000,2013,"6,1"
806000,2013,"5,1"
807000,2013,"9,3"
808000,2013,"4,2"
809000,2013,"4,4"
810000,2013,"1,4"
811000,2013,"5,1"
812000,2013,"0,7"
861000,2013,"1,6"
862000,2013,"0,6"
1001000,2013,"8,6"
1002000,2013,"1,7"
1003000,2013,"1,9"
1004000,2013,"0,3"
1005000,2013,"0,6"
1006000,2013,"3,0"
1007000,2013,"1,3"
1008000,2013,"0,7"
1009000,2013,"2,0"
1010000,2013,"1,0"
1011000,2013,"5,7"
1012000,2013,"0,8"
1013000,2013,"0,4"
1014000,2013,"1,1"
1015000,2013,"1,7"
1016000,2013,"2,5"
1017000,2013,"0,7"
1018000,2013,"3,5"
1019000,2013,"5,1"
1020000,2013,"0,9"
1021000,2013,"0,0"
1061000,2013,"1,2"
1062000,2013,"2,8"
1063000,2013,"4,0"
1201000,2013,"0,3"
1202000,2013,"0,0"
1203000,2013,"0,2"
1204000,2013,"0,8"
1205000,2013,"0,0"
1206000,2013,"0,0"
1208000,2013,"0,1"
1209000,2013,"0,4"
1210000,2013,"0,2"
1211000,2013,"1,0"
1212000,2013,"0,0"
1213000,2013,"1,1"
1214000,2013,"0,0"
1215000,2013,"0,2"
1216000,2013,"0,3"
1217000,2013,"0,2"
1218000,2013,"0,1"
1219000,2013,"0,6"
1261000,2013,"1,9"
1262000,2013,"1,0"
1263000,2013,"4,8"
1401000,2013,"2,2"
1402000,2013,"0,8"
1403000,2013,"0,6"
1404000,2013,"3,0"
1405000,2013,"0,7"
1406000,2013,"0,9"
1407000,2013,"1,0"
1408000,2013,"2,9"
1409000,2013,"0,0"
1410000,2013,"0,5"
1411000,2013,"0,4"
1412000,2013,"0,6"
1413000,2013,"1,9"
1414000,2013,"4,7"
1415000,2013,"2,8"
1416000,2013,"0,6"
1417000,2013,"2,4"
1418000,2013,"1,4"
1419000,2013,"1,4"
1420000,2013,"2,2"
1421000,2013,"1,6"
1422000,2013,"4,6"
1423000,2013,"0,4"
1424000,2013,"0,2"
1425000,2013,"0,2"
1426000,2013,"1,1"
1427000,2013,"0,2"
1428000,2013,"1,2"
1429000,2013,"1,2"
1430000,2013,"0,0"
1432000,2013,"0,4"
1433000,2013,"0,4"
1434000,2013,"1,3"
1435000,2013,"5,0"
1436000,2013,"0,4"
1437000,2013,"2,0"
1438000,2013,"1,6"
1461000,2013,"3,1"
1462000,2013,"2,1"
1463000,2013,"1,6"
1464000,2013,"3,5"
1465000,2013,"2,1"
1601000,2013,"0,7"
1602000,2013,"0,4"
1603000,2013,"2,2"
1604000,2013,"0,6"
1605000,2013,"2,1"
1606000,2013,"1,1"
1607000,2013,"6,0"
1608000,2013,"0,8"
1609000,2013,"1,9"
1610000,2013,"3,2"
1611000,2013,"3,9"
1661000,2013,"3,1"
1802000,2013,"0,0"
1803000,2013,"1,0"
1804000,2013,"1,0"
1805000,2013,"0,0"
1806000,2013,"0,2"
1808000,2013,"0,5"
1809000,2013,"2,0"
1810000,2013,"0,0"
1811000,2013,"3,6"
1812000,2013,"0,3"
1813000,2013,"0,2"
1815000,2013,"0,6"
1816000,2013,"0,3"
1818000,2013,"3,3"
1819000,2013,"0,0"
1820000,2013,"0,0"
1821000,2013,"1,6"
1861000,2013,"2,9"
1862000,2013,"3,0"
1863000,2013,"5,2"
1864000,2013,"2,1"
2001000,2013,"2,1"
2002000,2013,"2,0"
2003000,2013,"2,5"
2004000,2013,"0,3"
2005000,2013,"2,4"
2006000,2013,"1,0"
2007000,2013,"0,0"
2009000,2013,"0,0"
2010000,2013,"0,3"
2011000,2013,"0,1"
2012000,2013,"0,0"
2013000,2013,"0,2"
2014000,2013,"0,8"
2061000,2013,"3,1"
2062000,2013,"2,4"
2063000,2013,"5,6"
2201000,2013,"4,3"
2202000,2013,"4,7"
2203000,2013,"4,8"
2204000,2013,"4,3"
2205000,2013,"0,6"
2206000,2013,"2,3"
2207000,2013,"3,6"
2208000,2013,"3,3"
2209000,2013,"4,5"
2210000,2013,"0,8"
2211000,2013,"11,6"
2212000,2013,"4,4"
2213000,2013,"2,0"
2214000,2013,"2,3"
2215000,2013,"2,5"
2216000,2013,"11,9"
2261000,2013,"3,2"
2262000,2013,"1,8"
2263000,2013,"3,2"
2264000,2013,"4,6"
2401000,2013,"1,7"
2402000,2013,"0,8"
2403000,2013,"0,6"
2404000,2013,"1,7"
2405000,2013,"0,7"
2406000,2013,"0,4"
2407000,2013,"4,3"
2408000,2013,"0,2"
2409000,2013,"1,6"
2410000,2013,"0,6"
2411000,2013,"1,7"
2412000,2013,"0,2"
2413000,2013,"0,8"
2414000,2013,"5,2"
2415000,2013,"0,9"
2416000,2013,"1,8"
2417000,2013,"0,1"
2461000,2013,"1,4"
2462000,2013,"1,7"
2463000,2013,"1,5"
2464000,2013,"1,9"
2465000,2013,"0,5"
2466000,2013,"0,6"
2467000,2013,"1,8"
2468000,2013,"1,3"
2469000,2013,"1,8"
2470000,2013,"0,1"
2471000,2013,"0,5"
2472000,2013,"1,0"
2473000,2013,"4,6"
2474000,2013,"0,3"
2475000,2013,"0,5"
2476000,2013,"0,9"
2477000,2013,"2,4"
2478000,2013,"0,6"
2479000,2013,"0,2"
2601000,2013,"0,4"
2602000,2013,"0,8"
2603000,2013,"0,2"
2604000,2013,"1,8"
2605000,2013,"2,0"
2606000,2013,"0,0"
2607000,2013,"2,7"
2609000,2013,"0,1"
2610000,2013,"0,4"
2611000,2013,"0,5"
2612000,2013,"1,2"
2613000,2013,"1,3"
2661000,2013,"0,9"
2801000,2013,"0,5"
2802000,2013,"0,4"
2803000,2013,"0,7"
2804000,2013,"0,8"
2805000,2013,"1,2"
2806000,2013,"2,0"
2807000,2013,"4,3"
2808000,2013,"0,9"
2809000,2013,"4,9"
2810000,2013,"2,0"
2811000,2013,"2,6"
2812000,2013,"1,2"
2813000,2013,"1,2"
2814000,2013,"1,2"
2815000,2013,"0,8"
2816000,2013,"2,9"
2817000,2013,"1,6"
2818000,2013,"2,3"
2819000,2013,"1,5"
2861000,2013,"2,9"
2862000,2013,"2,4"
3001000,2013,"1,3"
3002000,2013,"3,4"
3003000,2013,"2,8"
3004000,2013,"3,3"
3005000,2013,"8,1"
3006000,2013,"1,8"
3007000,2013,"0,2"
3008000,2013,"2,9"
3009000,2013,"1,5"
3010000,2013,"2,5"
3011000,2013,"6,1"
3012000,2013,"1,6"
3013000,2013,"7,5"
3014000,2013,"2,0"
3015000,2013,"4,4"
3016000,2013,"2,0"
3017000,2013,"3,2"
3018000,2013,"3,1"
3019000,2013,"3,2"
3020000,2013,"1,6"
3021000,2013,"3,7"
3022000,2013,"2,2"
3023000,2013,"1,5"
3024000,2013,"4,6"
3025000,2013,"1,4"
3026000,2013,"3,0"
3027000,2013,"1,6"
3028000,2013,"2,5"
3029000,2013,"5,8"
3030000,2013,"1,1"
3031000,2013,"3,1"
3061000,2013,"2,7"
3062000,2013,"4,4"
3063000,2013,"5,1"
3064000,2013,"2,4"
3201000,2013,"3,7"
3202000,2013,"0,9"
3203000,2013,"0,2"
3204000,2013,"0,9"
3205000,2013,"3,6"
3206000,2013,"0,9"
3207000,2013,"8,7"
3208000,2013,"5,7"
3209000,2013,"3,8"
3210000,2013,"1,8"
3211000,2013,"6,6"
3212000,2013,"1,4"
3213000,2013,"3,0"
3214000,2013,"3,8"
3215000,2013,"3,3"
3216000,2013,"6,5"
3217000,2013,"1,8"
3218000,2013,"0,3"
3261000,2013,"4,0"
3262000,2013,"2,4"
3263000,2013,"5,4"
201000,2014,"2,7"
202000,2014,"19,1"
203000,2014,"1,5"
204000,2014,"0,9"
205000,2014,"0,8"
208000,2014,"1,2"
209000,2014,"0,7"
211000,2014,"3,5"
212000,2014,"1,7"
213000,2014,"2,3"
214000,2014,"1,3"
215000,2014,"1,8"
216000,2014,"1,6"
217000,2014,"0,7"
218000,2014,"2,6"
219000,2014,"1,2"
220000,2014,"1,5"
221000,2014,"1,1"
222000,2014,"4,0"
223000,2014,"1,9"
224000,2014,"0,0"
225000,2014,"2,4"
226000,2014,"0,0"
261000,2014,"5,3"
262000,2014,"2,8"
264000,2014,"3,4"
265000,2014,"1,1"
401000,2014,"5,3"
402000,2014,"0,6"
403000,2014,"11,4"
404000,2014,"5,3"
405000,2014,"5,9"
406000,2014,"2,5"
407000,2014,"3,0"
408000,2014,"0,1"
409000,2014,"1,7"
410000,2014,"0,6"
411000,2014,"3,0"
412000,2014,"0,8"
413000,2014,"3,3"
414000,2014,"2,8"
415000,2014,"10,4"
416000,2014,"3,8"
417000,2014,"5,7"
418000,2014,"1,8"
419000,2014,"1,1"
461000,2014,"2,2"
462000,2014,"5,3"
463000,2014,"4,1"
464000,2014,"3,9"
601000,2014,"2,1"
602000,2014,"2,4"
603000,2014,"0,7"
604000,2014,"0,5"
605000,2014,"0,5"
606000,2014,"0,2"
607000,2014,"0,8"
608000,2014,"3,3"
609000,2014,"1,5"
610000,2014,"1,4"
611000,2014,"3,3"
612000,2014,"0,5"
613000,2014,"0,2"
614000,2014,"1,0"
615000,2014,"1,1"
616000,2014,"2,5"
617000,2014,"1,4"
618000,2014,"3,9"
619000,2014,"4,9"
620000,2014,"0,3"
661000,2014,"1,1"
662000,2014,"1,5"
663000,2014,"3,2"
664000,2014,"4,9"
801000,2014,"10,2"
802000,2014,"6,1"
803000,2014,"3,3"
804000,2014,"4,9"
805000,2014,"6,7"
806000,2014,"5,1"
807000,2014,"9,5"
808000,2014,"5,8"
809000,2014,"5,5"
810000,2014,"2,1"
811000,2014,"5,5"
812000,2014,"0,9"
861000,2014,"3,0"
862000,2014,"0,5"
1001000,2014,"10,1"
1002000,2014,"1,8"
1003000,2014,"2,0"
1004000,2014,"0,3"
1005000,2014,"0,6"
1006000,2014,"3,1"
1007000,2014,"1,3"
1008000,2014,"0,7"
1009000,2014,"5,2"
1010000,2014,"1,9"
1011000,2014,"4,1"
1012000,2014,"0,8"
1013000,2014,"0,4"
1014000,2014,"1,1"
1015000,2014,"0,6"
1016000,2014,"2,5"
1017000,2014,"0,9"
1018000,2014,"3,5"
1019000,2014,"6,5"
1020000,2014,"0,9"
1021000,2014,"0,0"
1061000,2014,"1,6"
1062000,2014,"2,8"
1063000,2014,"4,3"
1201000,2014,"0,4"
1202000,2014,"0,1"
1203000,2014,"0,2"
1204000,2014,"0,8"
1205000,2014,"0,4"
1206000,2014,"0,0"
1208000,2014,"0,1"
1209000,2014,"0,4"
1210000,2014,"0,2"
1211000,2014,"1,4"
1212000,2014,"0,0"
1213000,2014,"1,2"
1214000,2014,"0,0"
1215000,2014,"0,4"
1216000,2014,"0,8"
1217000,2014,"0,2"
1218000,2014,"0,1"
1219000,2014,"0,6"
1261000,2014,"2,0"
1262000,2014,"1,0"
1263000,2014,"4,9"
1401000,2014,"2,2"
1402000,2014,"1,2"
1403000,2014,"0,6"
1404000,2014,"3,1"
1405000,2014,"1,8"
1406000,2014,"1,1"
1407000,2014,"1,1"
1408000,2014,"3,3"
1409000,2014,"0,4"
1410000,2014,"0,5"
1411000,2014,"0,4"
1412000,2014,"0,8"
1413000,2014,"2,1"
1414000,2014,"4,7"
1415000,2014,"3,6"
1416000,2014,"0,7"
1417000,2014,"2,5"
1418000,2014,"1,5"
1419000,2014,"1,6"
1420000,2014,"2,3"
1421000,2014,"2,0"
1422000,2014,"9,6"
1423000,2014,"0,4"
1424000,2014,"0,2"
1425000,2014,"0,4"
1426000,2014,"1,1"
1427000,2014,"0,2"
1428000,2014,"1,4"
1429000,2014,"1,4"
1430000,2014,"0,4"
1432000,2014,"2,4"
1433000,2014,"3,0"
1434000,2014,"1,5"
1435000,2014,"5,1"
1436000,2014,"1,1"
1437000,2014,"2,3"
1438000,2014,"2,1"
1461000,2014,"3,2"
1462000,2014,"2,6"
1463000,2014,"1,6"
1464000,2014,"3,6"
1465000,2014,"2,4"
1601000,2014,"0,7"
1602000,2014,"0,4"
1603000,2014,"2,2"
1604000,2014,"0,1"
1605000,2014,"3,1"
1606000,2014,"1,2"
1607000,2014,"6,1"
1608000,2014,"0,8"
1609000,2014,"1,9"
1610000,2014,"3,5"
1611000,2014,"4,0"
1661000,2014,"5,0"
1802000,2014,"0,0"
1803000,2014,"1,0"
1804000,2014,"1,5"
1805000,2014,"0,0"
1806000,2014,"0,4"
1808000,2014,"0,5"
1809000,2014,"5,0"
1810000,2014,"0,0"
1811000,2014,"4,4"
1812000,2014,"0,3"
1813000,2014,"0,2"
1815000,2014,"0,7"
1816000,2014,"0,3"
1818000,2014,"5,0"
1819000,2014,"0,0"
1820000,2014,"0,0"
1821000,2014,"1,7"
1861000,2014,"2,9"
1862000,2014,"3,0"
1863000,2014,"6,5"
1864000,2014,"4,1"
2001000,2014,"3,5"
2002000,2014,"2,7"
2003000,2014,"4,8"
2004000,2014,"0,3"
2005000,2014,"6,4"
2006000,2014,"1,1"
2007000,2014,"0,4"
2009000,2014,"5,0"
2010000,2014,"0,9"
2011000,2014,"0,4"
2012000,2014,"1,8"
2013000,2014,"0,6"
2014000,2014,"1,6"
2061000,2014,"3,6"
2062000,2014,"3,3"
2063000,2014,"6,0"
2201000,2014,"4,8"
2202000,2014,"13,6"
2203000,2014,"4,8"
2204000,2014,"5,0"
2205000,2014,"0,9"
2206000,2014,"2,6"
2207000,2014,"3,7"
2208000,2014,"3,8"
2209000,2014,"4,6"
2210000,2014,"1,5"
2211000,2014,"14,0"
2212000,2014,"5,3"
2213000,2014,"2,5"
2214000,2014,"2,3"
2215000,2014,"3,4"
2216000,2014,"13,8"
2261000,2014,"3,5"
2262000,2014,"2,1"
2263000,2014,"3,3"
2264000,2014,"4,8"
2401000,2014,"1,8"
2402000,2014,"1,4"
2403000,2014,"1,0"
2404000,2014,"2,1"
2405000,2014,"0,8"
2406000,2014,"0,4"
2407000,2014,"4,8"
2408000,2014,"0,2"
2409000,2014,"1,6"
2410000,2014,"0,5"
2411000,2014,"3,7"
2412000,2014,"0,2"
2413000,2014,"0,9"
2414000,2014,"5,2"
2415000,2014,"0,9"
2416000,2014,"2,5"
2417000,2014,"0,1"
2461000,2014,"1,5"
2462000,2014,"0,5"
2463000,2014,"1,5"
2464000,2014,"2,2"
2465000,2014,"0,5"
2466000,2014,"1,6"
2467000,2014,"1,9"
2468000,2014,"1,6"
2469000,2014,"1,9"
2470000,2014,"0,1"
2471000,2014,"0,5"
2472000,2014,"1,0"
2473000,2014,"0,8"
2474000,2014,"0,3"
2475000,2014,"0,5"
2476000,2014,"3,9"
2477000,2014,"3,3"
2478000,2014,"0,9"
2479000,2014,"0,2"
2601000,2014,"0,8"
2602000,2014,"1,5"
2603000,2014,"0,2"
2604000,2014,"1,8"
2605000,2014,"2,0"
2606000,2014,"0,0"
2607000,2014,"3,1"
2609000,2014,"0,1"
2610000,2014,"0,5"
2611000,2014,"0,5"
2612000,2014,"1,4"
2613000,2014,"1,3"
2661000,2014,"1,4"
2801000,2014,"0,5"
2802000,2014,"0,4"
2803000,2014,"1,4"
2804000,2014,"2,7"
2805000,2014,"1,4"
2806000,2014,"2,3"
2807000,2014,"5,9"
2808000,2014,"3,8"
2809000,2014,"6,5"
2810000,2014,"2,1"
2811000,2014,"4,0"
2812000,2014,"1,9"
2813000,2014,"1,4"
2814000,2014,"0,9"
2815000,2014,"0,9"
2816000,2014,"2,9"
2817000,2014,"1,8"
2818000,2014,"3,7"
2819000,2014,"9,3"
2861000,2014,"3,1"
2862000,2014,"3,4"
3001000,2014,"3,0"
3002000,2014,"3,4"
3003000,2014,"3,1"
3004000,2014,"3,8"
3005000,2014,"6,9"
3006000,2014,"1,8"
3007000,2014,"0,2"
3008000,2014,"3,7"
3009000,2014,"1,8"
3010000,2014,"3,2"
3011000,2014,"6,8"
3012000,2014,"1,6"
3013000,2014,"9,7"
3014000,2014,"1,2"
3015000,2014,"5,4"
3016000,2014,"2,3"
3017000,2014,"3,8"
3018000,2014,"3,8"
3019000,2014,"3,4"
3020000,2014,"2,5"
3021000,2014,"3,8"
3022000,2014,"2,4"
3023000,2014,"1,6"
3024000,2014,"4,7"
3025000,2014,"2,1"
3026000,2014,"4,7"
3027000,2014,"2,1"
3028000,2014,"2,9"
3029000,2014,"6,0"
3030000,2014,"1,1"
3031000,2014,"2,7"
3061000,2014,"3,6"
3062000,2014,"4,4"
3063000,2014,"6,3"
3064000,2014,"2,5"
3201000,2014,"4,1"
3202000,2014,"0,9"
3203000,2014,"0,3"
3204000,2014,"1,3"
3205000,2014,"3,3"
3206000,2014,"1,3"
3207000,2014,"8,5"
3208000,2014,"6,6"
3209000,2014,"6,8"
3210000,2014,"1,9"
3211000,2014,"7,5"
3212000,2014,"3,6"
3213000,2014,"4,3"
3214000,2014,"4,3"
3215000,2014,"3,4"
3216000,2014,"6,8"
3217000,2014,"2,3"
3218000,2014,"0,2"
3261000,2014,"4,3"
3262000,2014,"2,7"
3263000,2014,"5,8"
201000,2015,"3,2"
202000,2015,"19,3"
203000,2015,"1,7"
204000,2015,"0,9"
205000,2015,"0,8"
208000,2015,"1,2"
209000,2015,"0,7"
211000,2015,"3,5"
212000,2015,"1,7"
213000,2015,"2,3"
214000,2015,"1,3"
215000,2015,"1,8"
216000,2015,"2,2"
217000,2015,"0,5"
218000,2015,"3,1"
219000,2015,"1,2"
220000,2015,"0,4"
221000,2015,"1,2"
222000,2015,"5,0"
223000,2015,"1,9"
224000,2015,"0,0"
225000,2015,"2,4"
226000,2015,"0,0"
261000,2015,"5,3"
262000,2015,"3,0"
264000,2015,"3,6"
265000,2015,"1,3"
401000,2015,"5,4"
402000,2015,"1,8"
403000,2015,"12,4"
404000,2015,"5,5"
405000,2015,"7,7"
406000,2015,"2,7"
407000,2015,"3,2"
408000,2015,"0,1"
409000,2015,"1,7"
410000,2015,"0,7"
411000,2015,"3,0"
412000,2015,"0,8"
413000,2015,"7,1"
414000,2015,"3,0"
415000,2015,"14,9"
416000,2015,"4,4"
417000,2015,"5,4"
418000,2015,"2,0"
419000,2015,"1,4"
461000,2015,"2,3"
462000,2015,"5,6"
463000,2015,"4,8"
464000,2015,"4,4"
601000,2015,"2,8"
602000,2015,"4,2"
603000,2015,"2,3"
604000,2015,"0,5"
605000,2015,"0,6"
606000,2015,"0,8"
607000,2015,"1,3"
608000,2015,"3,7"
609000,2015,"1,7"
610000,2015,"2,0"
611000,2015,"3,8"
612000,2015,"0,5"
613000,2015,"0,6"
614000,2015,"1,0"
615000,2015,"1,1"
616000,2015,"2,6"
617000,2015,"1,5"
618000,2015,"3,9"
619000,2015,"11,0"
620000,2015,"1,9"
661000,2015,"1,9"
662000,2015,"2,5"
663000,2015,"3,8"
664000,2015,"5,1"
801000,2015,"10,4"
802000,2015,"6,1"
803000,2015,"3,3"
804000,2015,"5,0"
805000,2015,"6,1"
806000,2015,"5,7"
807000,2015,"9,5"
808000,2015,"5,9"
809000,2015,"6,4"
810000,2015,"2,1"
811000,2015,"5,6"
812000,2015,"1,1"
861000,2015,"3,5"
862000,2015,"4,5"
1001000,2015,"10,7"
1002000,2015,"1,8"
1003000,2015,"2,2"
1004000,2015,"0,3"
1005000,2015,"0,7"
1006000,2015,"3,1"
1007000,2015,"1,8"
1008000,2015,"0,7"
1009000,2015,"5,8"
1010000,2015,"1,9"
1011000,2015,"4,1"
1012000,2015,"0,9"
1013000,2015,"0,4"
1014000,2015,"1,7"
1015000,2015,"1,8"
1016000,2015,"2,8"
1017000,2015,"1,7"
1018000,2015,"3,5"
1019000,2015,"6,5"
1020000,2015,"0,9"
1021000,2015,"0,1"
1061000,2015,"1,8"
1062000,2015,"2,9"
1063000,2015,"4,5"
1201000,2015,"0,5"
1202000,2015,"0,1"
1203000,2015,"0,5"
1204000,2015,"0,8"
1205000,2015,"0,8"
1206000,2015,"0,0"
1208000,2015,"0,1"
1209000,2015,"0,4"
1210000,2015,"0,3"
1211000,2015,"1,8"
1212000,2015,"0,1"
1213000,2015,"1,2"
1214000,2015,"0,0"
1215000,2015,"0,4"
1216000,2015,"1,0"
1217000,2015,"0,2"
1218000,2015,"0,1"
1219000,2015,"0,6"
1261000,2015,"2,2"
1262000,2015,"1,5"
1263000,2015,"5,9"
1401000,2015,"2,2"
1402000,2015,"3,0"
1403000,2015,"0,6"
1404000,2015,"3,1"
1405000,2015,"1,6"
1406000,2015,"2,3"
1407000,2015,"2,3"
1408000,2015,"2,6"
1409000,2015,"0,4"
1410000,2015,"0,5"
1411000,2015,"0,4"
1412000,2015,"0,9"
1413000,2015,"3,0"
1414000,2015,"4,9"
1415000,2015,"4,3"
1416000,2015,"0,7"
1417000,2015,"2,9"
1418000,2015,"1,6"
1419000,2015,"1,8"
1420000,2015,"2,8"
1421000,2015,"2,4"
1422000,2015,"9,9"
1423000,2015,"1,9"
1424000,2015,"0,2"
1425000,2015,"0,5"
1426000,2015,"1,2"
1427000,2015,"0,2"
1428000,2015,"2,5"
1429000,2015,"1,5"
1430000,2015,"0,4"
1432000,2015,"2,5"
1433000,2015,"3,0"
1434000,2015,"1,8"
1435000,2015,"6,7"
1436000,2015,"1,1"
1437000,2015,"2,5"
1438000,2015,"2,6"
1461000,2015,"3,2"
1462000,2015,"3,2"
1463000,2015,"1,9"
1464000,2015,"4,4"
1465000,2015,"2,6"
1601000,2015,"0,7"
1602000,2015,"0,4"
1603000,2015,"3,7"
1604000,2015,"0,8"
1605000,2015,"3,5"
1606000,2015,"1,3"
1607000,2015,"4,4"
1608000,2015,"2,5"
1609000,2015,"2,4"
1610000,2015,"3,6"
1611000,2015,"4,3"
1661000,2015,"5,6"
1802000,2015,"1,2"
1803000,2015,"1,4"
1804000,2015,"1,5"
1805000,2015,"0,0"
1806000,2015,"0,5"
1808000,2015,"2,2"
1809000,2015,"5,4"
1810000,2015,"0,0"
1811000,2015,"3,6"
1812000,2015,"7,1"
1813000,2015,"11,7"
1815000,2015,"0,8"
1816000,2015,"1,2"
1818000,2015,"6,8"
1819000,2015,"0,1"
1820000,2015,"0,1"
1821000,2015,"1,7"
1861000,2015,"3,5"
1862000,2015,"5,9"
1863000,2015,"6,5"
1864000,2015,"4,2"
2001000,2015,"10,0"
2002000,2015,"4,1"
2003000,2015,"5,1"
2004000,2015,"1,0"
2005000,2015,"6,5"
2006000,2015,"1,0"
2007000,2015,"0,4"
2009000,2015,"7,8"
2010000,2015,"4,4"
2011000,2015,"0,4"
2012000,2015,"4,7"
2013000,2015,"0,8"
2014000,2015,"3,2"
2061000,2015,"3,7"
2062000,2015,"3,9"
2063000,2015,"8,3"
2201000,2015,"4,8"
2202000,2015,"14,1"
2203000,2015,"4,8"
2204000,2015,"5,3"
2205000,2015,"1,3"
2206000,2015,"2,6"
2207000,2015,"3,9"
2208000,2015,"4,6"
2209000,2015,"6,0"
2210000,2015,"1,5"
2211000,2015,"13,9"
2212000,2015,"5,6"
2213000,2015,"2,7"
2214000,2015,"2,4"
2215000,2015,"3,5"
2216000,2015,"13,9"
2261000,2015,"3,6"
2262000,2015,"2,3"
2263000,2015,"4,2"
2264000,2015,"5,5"
2401000,2015,"1,9"
2402000,2015,"1,4"
2403000,2015,"1,2"
2404000,2015,"2,5"
2405000,2015,"0,9"
2406000,2015,"0,4"
2407000,2015,"4,7"
2408000,2015,"0,2"
2409000,2015,"1,6"
2410000,2015,"0,5"
2411000,2015,"3,8"
2412000,2015,"0,2"
2413000,2015,"0,9"
2414000,2015,"5,6"
2415000,2015,"0,9"
2416000,2015,"2,7"
2417000,2015,"0,1"
2461000,2015,"1,5"
2462000,2015,"1,7"
2463000,2015,"1,6"
2464000,2015,"2,8"
2465000,2015,"0,5"
2466000,2015,"1,6"
2467000,2015,"1,9"
2468000,2015,"1,9"
2469000,2015,"2,0"
2470000,2015,"0,1"
2471000,2015,"0,5"
2472000,2015,"1,4"
2473000,2015,"0,9"
2474000,2015,"0,3"
2475000,2015,"1,0"
2476000,2015,"3,9"
2477000,2015,"3,5"
2478000,2015,"1,1"
2479000,2015,"0,3"
2601000,2015,"1,3"
2602000,2015,"1,7"
2603000,2015,"0,2"
2604000,2015,"1,8"
2605000,2015,"2,8"
2606000,2015,"1,8"
2607000,2015,"3,5"
2609000,2015,"2,0"
2610000,2015,"0,5"
2611000,2015,"0,5"
2612000,2015,"1,4"
2613000,2015,"1,6"
2661000,2015,"2,1"
2801000,2015,"3,6"
2802000,2015,"1,2"
2803000,2015,"2,1"
2804000,2015,"4,0"
2805000,2015,"1,7"
2806000,2015,"2,4"
2807000,2015,"5,7"
2808000,2015,"6,4"
2809000,2015,"9,7"
2810000,2015,"2,1"
2811000,2015,"4,0"
2812000,2015,"3,1"
2813000,2015,"1,5"
2814000,2015,"0,9"
2815000,2015,"0,8"
2816000,2015,"2,9"
2817000,2015,"2,2"
2818000,2015,"7,6"
2819000,2015,"10,5"
2861000,2015,"3,4"
2862000,2015,"4,2"
3001000,2015,"4,7"
3002000,2015,"4,2"
3003000,2015,"3,7"
3004000,2015,"4,1"
3005000,2015,"7,4"
3006000,2015,"1,9"
3007000,2015,"0,4"
3008000,2015,"4,8"
3009000,2015,"1,9"
3010000,2015,"3,3"
3011000,2015,"7,3"
3012000,2015,"2,1"
3013000,2015,"10,7"
3014000,2015,"1,3"
3015000,2015,"6,0"
3016000,2015,"3,4"
3017000,2015,"4,1"
3018000,2015,"4,2"
3019000,2015,"3,4"
3020000,2015,"2,8"
3021000,2015,"4,1"
3022000,2015,"2,4"
3023000,2015,"1,9"
3024000,2015,"5,1"
3025000,2015,"2,3"
3026000,2015,"3,9"
3027000,2015,"2,1"
3028000,2015,"2,9"
3029000,2015,"6,6"
3030000,2015,"1,9"
3031000,2015,"3,6"
3061000,2015,"3,7"
3062000,2015,"4,4"
3063000,2015,"6,8"
3064000,2015,"2,5"
3201000,2015,"4,5"
3202000,2015,"0,9"
3203000,2015,"0,5"
3204000,2015,"1,4"
3205000,2015,"3,3"
3206000,2015,"1,3"
3207000,2015,"11,2"
3208000,2015,"7,3"
3209000,2015,"7,1"
3210000,2015,"1,9"
3211000,2015,"8,5"
3212000,2015,"3,2"
3213000,2015,"5,3"
3214000,2015,"4,4"
3215000,2015,"3,4"
3216000,2015,"6,8"
3217000,2015,"2,3"
3218000,2015,"0,3"
3261000,2015,"5,9"
3262000,2015,"2,8"
3263000,2015,"5,9"
201000,2016,"4,1"
202000,2016,"4,7"
203000,2016,"1,9"
204000,2016,"0,9"
205000,2016,"0,8"
208000,2016,"1,3"
209000,2016,"0,7"
211000,2016,"3,5"
212000,2016,"1,7"
213000,2016,"2,2"
214000,2016,"1,1"
215000,2016,"1,8"
216000,2016,"2,2"
217000,2016,"0,8"
218000,2016,"3,0"
219000,2016,"1,3"
220000,2016,"0,4"
221000,2016,"1,2"
222000,2016,"5,8"
223000,2016,"2,0"
224000,2016,"0,0"
225000,2016,"2,6"
226000,2016,"0,0"
261000,2016,"5,4"
262000,2016,"3,0"
264000,2016,"3,8"
265000,2016,"1,8"
401000,2016,"5,4"
402000,2016,"2,1"
403000,2016,"12,9"
404000,2016,"5,5"
405000,2016,"7,7"
406000,2016,"2,8"
407000,2016,"3,3"
408000,2016,"0,1"
409000,2016,"1,7"
410000,2016,"1,2"
411000,2016,"3,0"
412000,2016,"0,8"
413000,2016,"7,1"
414000,2016,"4,2"
415000,2016,"12,2"
416000,2016,"5,7"
417000,2016,"6,0"
418000,2016,"2,0"
419000,2016,"1,5"
461000,2016,"2,4"
462000,2016,"5,6"
463000,2016,"5,2"
464000,2016,"5,1"
601000,2016,"2,8"
602000,2016,"4,5"
603000,2016,"2,4"
604000,2016,"2,2"
605000,2016,"1,8"
606000,2016,"4,8"
607000,2016,"1,3"
608000,2016,"3,7"
609000,2016,"1,7"
610000,2016,"2,0"
611000,2016,"3,9"
612000,2016,"0,5"
613000,2016,"0,6"
614000,2016,"1,0"
615000,2016,"1,1"
616000,2016,"2,8"
617000,2016,"2,2"
618000,2016,"4,8"
619000,2016,"11,1"
620000,2016,"1,9"
661000,2016,"1,3"
662000,2016,"2,5"
663000,2016,"4,1"
664000,2016,"5,6"
801000,2016,"8,4"
802000,2016,"6,2"
803000,2016,"3,6"
804000,2016,"5,2"
805000,2016,"6,2"
806000,2016,"5,7"
807000,2016,"9,7"
808000,2016,"6,1"
809000,2016,"6,9"
810000,2016,"2,3"
811000,2016,"5,6"
812000,2016,"1,1"
861000,2016,"3,5"
862000,2016,"4,5"
1001000,2016,"11,2"
1002000,2016,"1,9"
1003000,2016,"2,2"
1004000,2016,"0,3"
1005000,2016,"0,7"
1006000,2016,"2,7"
1007000,2016,"1,5"
1008000,2016,"1,2"
1009000,2016,"7,1"
1010000,2016,"1,0"
1011000,2016,"4,5"
1012000,2016,"0,9"
1013000,2016,"0,4"
1014000,2016,"2,0"
1015000,2016,"2,0"
1016000,2016,"2,9"
1017000,2016,"2,0"
1018000,2016,"3,5"
1019000,2016,"6,7"
1020000,2016,"1,2"
1021000,2016,"0,1"
1061000,2016,"2,2"
1062000,2016,"2,9"
1063000,2016,"4,7"
1201000,2016,"0,9"
1202000,2016,"0,3"
1203000,2016,"0,7"
1204000,2016,"0,8"
1205000,2016,"0,8"
1206000,2016,"0,0"
1208000,2016,"0,1"
1209000,2016,"0,4"
1210000,2016,"0,3"
1211000,2016,"1,8"
1212000,2016,"0,1"
1213000,2016,"1,4"
1214000,2016,"0,0"
1215000,2016,"0,7"
1216000,2016,"1,2"
1217000,2016,"0,2"
1218000,2016,"0,1"
1219000,2016,"0,6"
1261000,2016,"2,4"
1262000,2016,"1,6"
1263000,2016,"5,9"
1401000,2016,"3,0"
1402000,2016,"3,3"
1403000,2016,"0,7"
1404000,2016,"3,6"
1405000,2016,"1,7"
1406000,2016,"2,4"
1407000,2016,"1,2"
1408000,2016,"2,4"
1409000,2016,"0,4"
1410000,2016,"0,5"
1411000,2016,"0,4"
1412000,2016,"0,9"
1413000,2016,"3,0"
1414000,2016,"5,0"
1415000,2016,"6,7"
1416000,2016,"0,9"
1417000,2016,"3,6"
1418000,2016,"1,7"
1419000,2016,"3,6"
1420000,2016,"2,8"
1421000,2016,"2,5"
1422000,2016,"10,0"
1423000,2016,"1,9"
1424000,2016,"0,2"
1425000,2016,"0,7"
1426000,2016,"1,3"
1427000,2016,"0,6"
1428000,2016,"2,5"
1429000,2016,"1,6"
1430000,2016,"0,4"
1432000,2016,"2,7"
1433000,2016,"3,1"
1434000,2016,"2,1"
1435000,2016,"7,0"
1436000,2016,"1,1"
1437000,2016,"2,5"
1438000,2016,"2,8"
1461000,2016,"3,2"
1462000,2016,"3,3"
1463000,2016,"2,2"
1464000,2016,"4,6"
1465000,2016,"2,8"
1601000,2016,"0,7"
1602000,2016,"0,5"
1603000,2016,"4,2"
1604000,2016,"0,8"
1605000,2016,"3,4"
1606000,2016,"1,3"
1607000,2016,"4,4"
1608000,2016,"2,8"
1609000,2016,"2,4"
1610000,2016,"3,6"
1611000,2016,"3,3"
1661000,2016,"6,1"
1802000,2016,"1,2"
1803000,2016,"1,5"
1804000,2016,"1,5"
1805000,2016,"0,0"
1806000,2016,"0,5"
1808000,2016,"2,6"
1809000,2016,"5,4"
1810000,2016,"0,7"
1811000,2016,"3,6"
1812000,2016,"7,1"
1813000,2016,"0,5"
1815000,2016,"0,8"
1816000,2016,"1,2"
1818000,2016,"7,0"
1819000,2016,"0,3"
1820000,2016,"0,2"
1821000,2016,"1,7"
1861000,2016,"3,8"
1862000,2016,"6,1"
1863000,2016,"7,7"
1864000,2016,"4,3"
2001000,2016,"10,6"
2002000,2016,"3,7"
2003000,2016,"5,2"
2004000,2016,"1,1"
2005000,2016,"6,7"
2006000,2016,"1,0"
2007000,2016,"0,8"
2009000,2016,"7,9"
2010000,2016,"4,5"
2011000,2016,"0,4"
2012000,2016,"4,7"
2013000,2016,"1,3"
2014000,2016,"3,2"
2061000,2016,"3,8"
2062000,2016,"4,0"
2063000,2016,"8,8"
2201000,2016,"4,9"
2202000,2016,"14,9"
2203000,2016,"5,3"
2204000,2016,"5,7"
2205000,2016,"1,7"
2206000,2016,"2,5"
2207000,2016,"3,9"
2208000,2016,"4,9"
2209000,2016,"6,2"
2210000,2016,"1,5"
2211000,2016,"13,8"
2212000,2016,"6,6"
2213000,2016,"2,8"
2214000,2016,"2,8"
2215000,2016,"3,5"
2216000,2016,"14,3"
2261000,2016,"3,7"
2262000,2016,"2,4"
2263000,2016,"4,2"
2264000,2016,"5,5"
2401000,2016,"2,0"
2402000,2016,"1,4"
2403000,2016,"1,3"
2404000,2016,"2,4"
2405000,2016,"1,0"
2406000,2016,"0,4"
2407000,2016,"4,9"
2408000,2016,"0,2"
2409000,2016,"1,7"
2410000,2016,"0,5"
2411000,2016,"4,3"
2412000,2016,"0,2"
2413000,2016,"0,7"
2414000,2016,"5,7"
2415000,2016,"0,9"
2416000,2016,"2,8"
2417000,2016,"0,1"
2461000,2016,"1,9"
2462000,2016,"1,7"
2463000,2016,"1,7"
2464000,2016,"3,0"
2465000,2016,"0,5"
2466000,2016,"1,7"
2467000,2016,"1,9"
2468000,2016,"2,3"
2469000,2016,"2,2"
2470000,2016,"0,1"
2471000,2016,"0,6"
2472000,2016,"1,7"
2473000,2016,"1,1"
2474000,2016,"0,3"
2475000,2016,"1,0"
2476000,2016,"3,9"
2477000,2016,"3,6"
2478000,2016,"1,3"
2479000,2016,"2,5"
2601000,2016,"1,3"
2602000,2016,"2,0"
2603000,2016,"0,2"
2604000,2016,"1,7"
2605000,2016,"3,0"
2606000,2016,"2,2"
2607000,2016,"3,5"
2609000,2016,"2,0"
2610000,2016,"0,5"
2611000,2016,"0,5"
2612000,2016,"1,4"
2613000,2016,"1,6"
2661000,2016,"2,5"
2801000,2016,"3,7"
2802000,2016,"1,2"
2803000,2016,"2,3"
2804000,2016,"4,1"
2805000,2016,"1,9"
2806000,2016,"2,5"
2807000,2016,"5,8"
2808000,2016,"6,8"
2809000,2016,"12,3"
2810000,2016,"2,6"
2811000,2016,"4,7"
2812000,2016,"3,1"
2813000,2016,"1,5"
2814000,2016,"0,9"
2815000,2016,"0,8"
2816000,2016,"2,9"
2817000,2016,"2,2"
2818000,2016,"7,6"
2819000,2016,"10,6"
2861000,2016,"3,5"
2862000,2016,"4,4"
3001000,2016,"6,9"
3002000,2016,"4,3"
3003000,2016,"1,8"
3004000,2016,"5,3"
3005000,2016,"8,0"
3006000,2016,"3,0"
3007000,2016,"0,4"
3008000,2016,"5,5"
3009000,2016,"2,1"
3010000,2016,"3,3"
3011000,2016,"7,3"
3012000,2016,"2,1"
3013000,2016,"11,3"
3014000,2016,"1,9"
3015000,2016,"6,7"
3016000,2016,"4,5"
3017000,2016,"4,3"
3018000,2016,"4,2"
3019000,2016,"3,5"
3020000,2016,"3,3"
3021000,2016,"4,0"
3022000,2016,"2,4"
3023000,2016,"1,9"
3024000,2016,"5,2"
3025000,2016,"2,9"
3026000,2016,"3,9"
3027000,2016,"1,9"
3028000,2016,"4,7"
3029000,2016,"7,6"
3030000,2016,"2,1"
3031000,2016,"3,7"
3061000,2016,"3,8"
3062000,2016,"4,4"
3063000,2016,"7,5"
3064000,2016,"2,9"
3201000,2016,"4,5"
3202000,2016,"0,9"
3203000,2016,"0,6"
3204000,2016,"3,7"
3205000,2016,"4,3"
3206000,2016,"2,5"
3207000,2016,"11,4"
3208000,2016,"7,4"
3209000,2016,"7,0"
3210000,2016,"2,1"
3211000,2016,"8,4"
3212000,2016,"3,2"
3213000,2016,"5,3"
3214000,2016,"4,5"
3215000,2016,"3,4"
3216000,2016,"6,9"
3217000,2016,"2,5"
3218000,2016,"0,3"
3261000,2016,"6,0"
3262000,2016,"3,0"
3263000,2016,"7,7"
201000,2017,"4,6"
202000,2017,"5,0"
203000,2017,"2,0"
204000,2017,"0,9"
205000,2017,"0,8"
208000,2017,"1,3"
209000,2017,"0,9"
211000,2017,"3,9"
212000,2017,"1,7"
213000,2017,"2,4"
214000,2017,"1,9"
215000,2017,"2,0"
216000,2017,"2,4"
217000,2017,"0,8"
218000,2017,"3,4"
219000,2017,"1,7"
220000,2017,"0,5"
221000,2017,"1,3"
222000,2017,"5,9"
223000,2017,"2,5"
224000,2017,"0,0"
225000,2017,"2,5"
226000,2017,"0,0"
261000,2017,"5,4"
262000,2017,"3,3"
264000,2017,"3,9"
265000,2017,"2,2"
401000,2017,"5,4"
402000,2017,"2,4"
403000,2017,"13,1"
404000,2017,"5,9"
405000,2017,"6,2"
406000,2017,"5,0"
407000,2017,"3,5"
408000,2017,"0,1"
409000,2017,"1,7"
410000,2017,"2,1"
411000,2017,"3,1"
412000,2017,"0,8"
413000,2017,"7,1"
414000,2017,"4,4"
415000,2017,"10,2"
416000,2017,"6,5"
417000,2017,"6,5"
418000,2017,"2,9"
419000,2017,"1,5"
461000,2017,"2,4"
462000,2017,"5,7"
463000,2017,"5,4"
464000,2017,"5,3"
601000,2017,"3,4"
602000,2017,"4,8"
603000,2017,"2,9"
604000,2017,"2,3"
605000,2017,"1,9"
606000,2017,"0,8"
607000,2017,"1,3"
608000,2017,"3,5"
609000,2017,"1,7"
610000,2017,"4,2"
611000,2017,"5,3"
612000,2017,"0,9"
613000,2017,"0,5"
614000,2017,"1,2"
615000,2017,"1,5"
616000,2017,"2,8"
617000,2017,"2,6"
618000,2017,"6,2"
619000,2017,"11,2"
620000,2017,"1,9"
661000,2017,"1,8"
662000,2017,"2,5"
663000,2017,"4,3"
664000,2017,"6,0"
801000,2017,"8,6"
802000,2017,"7,0"
803000,2017,"4,2"
804000,2017,"9,0"
805000,2017,"6,2"
806000,2017,"5,7"
807000,2017,"9,7"
808000,2017,"6,5"
809000,2017,"7,2"
810000,2017,"2,4"
811000,2017,"5,7"
812000,2017,"1,3"
861000,2017,"3,7"
862000,2017,"4,7"
1001000,2017,"11,7"
1002000,2017,"1,8"
1003000,2017,"3,1"
1004000,2017,"0,3"
1005000,2017,"0,7"
1006000,2017,"4,6"
1007000,2017,"1,3"
1008000,2017,"1,9"
1009000,2017,"7,1"
1010000,2017,"1,0"
1011000,2017,"4,9"
1012000,2017,"1,0"
1013000,2017,"1,1"
1014000,2017,"2,1"
1015000,2017,"7,2"
1016000,2017,"3,5"
1017000,2017,"3,2"
1018000,2017,"3,5"
1019000,2017,"6,9"
1020000,2017,"1,3"
1021000,2017,"0,6"
1061000,2017,"2,2"
1062000,2017,"3,2"
1063000,2017,"5,4"
1201000,2017,"1,1"
1202000,2017,"0,4"
1203000,2017,"0,7"
1204000,2017,"0,8"
1205000,2017,"1,0"
1206000,2017,"0,1"
1208000,2017,"0,1"
1209000,2017,"0,4"
1210000,2017,"0,6"
1211000,2017,"2,0"
1212000,2017,"0,1"
1213000,2017,"1,5"
1214000,2017,"0,0"
1215000,2017,"0,5"
1216000,2017,"2,2"
1217000,2017,"0,4"
1218000,2017,"0,1"
1219000,2017,"0,8"
1261000,2017,"2,9"
1262000,2017,"2,5"
1263000,2017,"6,1"
1401000,2017,"2,1"
1402000,2017,"3,6"
1403000,2017,"0,7"
1404000,2017,"3,6"
1405000,2017,"1,8"
1406000,2017,"3,0"
1407000,2017,"2,3"
1408000,2017,"3,2"
1409000,2017,"0,7"
1410000,2017,"1,3"
1411000,2017,"0,4"
1412000,2017,"1,1"
1413000,2017,"2,6"
1414000,2017,"5,1"
1415000,2017,"9,2"
1416000,2017,"0,9"
1417000,2017,"4,1"
1418000,2017,"2,0"
1419000,2017,"3,8"
1420000,2017,"2,4"
1421000,2017,"2,6"
1422000,2017,"10,9"
1423000,2017,"1,9"
1424000,2017,"0,2"
1425000,2017,"0,6"
1426000,2017,"1,7"
1427000,2017,"0,8"
1428000,2017,"3,0"
1429000,2017,"1,6"
1430000,2017,"1,0"
1432000,2017,"3,3"
1433000,2017,"3,2"
1434000,2017,"2,4"
1435000,2017,"7,3"
1436000,2017,"1,5"
1437000,2017,"2,8"
1438000,2017,"3,3"
1461000,2017,"3,4"
1462000,2017,"3,8"
1463000,2017,"2,4"
1464000,2017,"4,7"
1465000,2017,"3,0"
1601000,2017,"0,6"
1602000,2017,"0,5"
1603000,2017,"3,1"
1604000,2017,"0,8"
1605000,2017,"3,8"
1606000,2017,"1,3"
1607000,2017,"4,6"
1608000,2017,"3,7"
1609000,2017,"4,0"
1610000,2017,"3,6"
1611000,2017,"3,5"
1661000,2017,"5,9"
1802000,2017,"1,2"
1803000,2017,"1,2"
1804000,2017,"1,6"
1805000,2017,"0,0"
1806000,2017,"1,3"
1808000,2017,"2,6"
1809000,2017,"5,4"
1810000,2017,"0,7"
1811000,2017,"5,9"
1812000,2017,"8,5"
1813000,2017,"0,6"
1815000,2017,"0,8"
1816000,2017,"1,3"
1818000,2017,"7,7"
1819000,2017,"0,3"
1820000,2017,"0,4"
1821000,2017,"0,1"
1861000,2017,"3,8"
1862000,2017,"6,1"
1863000,2017,"8,0"
1864000,2017,"4,8"
2001000,2017,"13,7"
2002000,2017,"4,1"
2003000,2017,"5,2"
2004000,2017,"1,4"
2005000,2017,"7,3"
2006000,2017,"1,1"
2007000,2017,"0,8"
2009000,2017,"7,9"
2010000,2017,"4,7"
2011000,2017,"1,0"
2012000,2017,"4,8"
2013000,2017,"2,1"
2014000,2017,"3,2"
2061000,2017,"4,0"
2062000,2017,"5,1"
2063000,2017,"9,0"
2201000,2017,"5,4"
2202000,2017,"15,6"
2203000,2017,"5,7"
2204000,2017,"5,5"
2205000,2017,"3,9"
2206000,2017,"3,4"
2207000,2017,"4,0"
2208000,2017,"5,2"
2209000,2017,"7,2"
2210000,2017,"1,8"
2211000,2017,"15,0"
2212000,2017,"7,0"
2213000,2017,"3,9"
2214000,2017,"3,1"
2215000,2017,"3,3"
2216000,2017,"6,5"
2261000,2017,"3,8"
2262000,2017,"2,4"
2263000,2017,"4,5"
2264000,2017,"5,6"
2401000,2017,"1,3"
2402000,2017,"1,4"
2403000,2017,"1,3"
2404000,2017,"2,6"
2405000,2017,"1,0"
2406000,2017,"0,4"
2407000,2017,"5,0"
2408000,2017,"0,3"
2409000,2017,"1,7"
2410000,2017,"1,3"
2411000,2017,"4,4"
2412000,2017,"0,0"
2413000,2017,"0,8"
2414000,2017,"5,0"
2415000,2017,"0,9"
2416000,2017,"2,8"
2417000,2017,"0,2"
2461000,2017,"1,9"
2462000,2017,"1,7"
2463000,2017,"1,7"
2464000,2017,"3,1"
2465000,2017,"0,6"
2466000,2017,"2,0"
2467000,2017,"1,9"
2468000,2017,"2,6"
2469000,2017,"2,5"
2470000,2017,"0,1"
2471000,2017,"0,8"
2472000,2017,"1,8"
2473000,2017,"1,5"
2474000,2017,"2,8"
2475000,2017,"1,1"
2476000,2017,"2,0"
2477000,2017,"3,8"
2478000,2017,"1,4"
2479000,2017,"2,4"
2601000,2017,"1,7"
2602000,2017,"2,0"
2603000,2017,"0,2"
2604000,2017,"1,8"
2605000,2017,"3,1"
2606000,2017,"2,2"
2607000,2017,"3,6"
2609000,2017,"2,0"
2610000,2017,"0,5"
2611000,2017,"1,1"
2612000,2017,"1,4"
2613000,2017,"1,5"
2661000,2017,"2,5"
2801000,2017,"3,7"
2802000,2017,"1,2"
2803000,2017,"2,5"
2804000,2017,"4,1"
2805000,2017,"2,3"
2806000,2017,"2,5"
2807000,2017,"5,8"
2808000,2017,"6,8"
2809000,2017,"7,0"
2810000,2017,"2,8"
2811000,2017,"4,7"
2812000,2017,"3,2"
2813000,2017,"1,5"
2814000,2017,"1,0"
2815000,2017,"0,8"
2816000,2017,"2,9"
2817000,2017,"2,9"
2818000,2017,"7,9"
2819000,2017,"10,7"
2861000,2017,"3,6"
2862000,2017,"4,4"
3001000,2017,"7,1"
3002000,2017,"4,6"
3003000,2017,"1,3"
3004000,2017,"5,9"
3005000,2017,"11,9"
3006000,2017,"3,2"
3007000,2017,"1,5"
3008000,2017,"6,3"
3009000,2017,"2,3"
3010000,2017,"4,1"
3011000,2017,"9,0"
3012000,2017,"2,5"
3013000,2017,"11,8"
3014000,2017,"1,9"
3015000,2017,"7,4"
3016000,2017,"4,9"
3017000,2017,"4,6"
3018000,2017,"4,1"
3019000,2017,"3,6"
3020000,2017,"4,2"
3021000,2017,"3,1"
3022000,2017,"2,8"
3023000,2017,"2,1"
3024000,2017,"6,4"
3025000,2017,"3,6"
3026000,2017,"3,8"
3027000,2017,"2,6"
3028000,2017,"5,5"
3029000,2017,"7,6"
3030000,2017,"1,0"
3031000,2017,"4,3"
3061000,2017,"4,3"
3062000,2017,"5,1"
3063000,2017,"7,9"
3064000,2017,"3,2"
3201000,2017,"4,4"
3202000,2017,"0,9"
3203000,2017,"0,7"
3204000,2017,"4,6"
3205000,2017,"4,7"
3206000,2017,"3,5"
3207000,2017,"8,9"
3208000,2017,"6,5"
3209000,2017,"7,0"
3210000,2017,"2,1"
3211000,2017,"8,5"
3212000,2017,"3,2"
3213000,2017,"6,7"
3214000,2017,"4,6"
3215000,2017,"3,4"
3216000,2017,"6,7"
3217000,2017,"2,9"
3218000,2017,"0,4"
3261000,2017,"6,6"
3262000,2017,"3,0"
3263000,2017,"8,0"
